traffic_volume,average_speed,rain,night,crash
2052.000000,25.400891,1.000000,0.000000,0.000000
2281.000000,15.055651,1.000000,1.000000,0.000000
1505.000000,36.369894,1.000000,1.000000,0.000000
1919.000000,41.709236,0.000000,0.000000,0.000000
289.000000,57.084082,0.000000,1.000000,0.000000
2036.000000,25.585601,1.000000,1.000000,1.000000
963.000000,32.103353,1.000000,0.000000,0.000000
1023.000000,46.742352,1.000000,1.000000,0.000000
1454.000000,52.543651,1.000000,1.000000,1.000000
1172.000000,44.004599,0.000000,1.000000,0.000000
1318.000000,27.498868,1.000000,1.000000,0.000000
2227.000000,32.849222,1.000000,0.000000,0.000000
1219.000000,41.141942,1.000000,0.000000,0.000000
2361.000000,47.757623,0.000000,0.000000,1.000000
2079.000000,36.870698,0.000000,1.000000,0.000000
1547.000000,34.947289,0.000000,0.000000,0.000000
390.000000,31.951291,0.000000,0.000000,0.000000
2034.000000,51.399756,1.000000,0.000000,0.000000
274.000000,30.584480,1.000000,1.000000,0.000000
774.000000,38.716084,1.000000,0.000000,0.000000
240.000000,22.027373,1.000000,1.000000,0.000000
322.000000,36.028984,1.000000,0.000000,0.000000
1292.000000,35.906937,1.000000,0.000000,1.000000
1899.000000,19.648903,0.000000,0.000000,1.000000
652.000000,41.877333,1.000000,0.000000,0.000000
1904.000000,15.228696,1.000000,1.000000,0.000000
597.000000,29.156845,0.000000,0.000000,0.000000
2023.000000,21.820622,0.000000,0.000000,0.000000
803.000000,48.579327,1.000000,1.000000,1.000000
1166.000000,31.919680,0.000000,1.000000,0.000000
1569.000000,24.166556,1.000000,1.000000,0.000000
909.000000,40.230474,0.000000,0.000000,0.000000
1452.000000,34.388794,1.000000,0.000000,1.000000
953.000000,29.890021,1.000000,1.000000,0.000000
1443.000000,21.731129,1.000000,0.000000,0.000000
2169.000000,25.375614,1.000000,0.000000,0.000000
536.000000,26.559773,0.000000,1.000000,0.000000
604.000000,54.505102,1.000000,0.000000,0.000000
326.000000,16.710983,0.000000,0.000000,0.000000
655.000000,40.798247,1.000000,0.000000,0.000000
1326.000000,16.408604,0.000000,1.000000,0.000000
1770.000000,18.499440,1.000000,0.000000,0.000000
1366.000000,26.362894,1.000000,0.000000,0.000000
1901.000000,19.857467,0.000000,1.000000,0.000000
1905.000000,17.606421,0.000000,1.000000,0.000000
899.000000,29.689511,0.000000,0.000000,0.000000
585.000000,25.252909,0.000000,0.000000,0.000000
1080.000000,22.579997,0.000000,1.000000,0.000000
2103.000000,29.954158,0.000000,0.000000,0.000000
815.000000,22.818867,0.000000,0.000000,0.000000
2393.000000,22.167935,1.000000,1.000000,1.000000
329.000000,20.991525,1.000000,0.000000,0.000000
1704.000000,46.454583,1.000000,1.000000,1.000000
888.000000,19.909933,0.000000,0.000000,0.000000
1282.000000,24.877974,1.000000,0.000000,0.000000
1467.000000,23.194821,1.000000,1.000000,0.000000
588.000000,48.609407,1.000000,0.000000,0.000000
2335.000000,43.931650,1.000000,1.000000,1.000000
786.000000,55.271465,1.000000,1.000000,1.000000
1519.000000,24.528991,1.000000,0.000000,0.000000
984.000000,49.694293,0.000000,0.000000,0.000000
361.000000,26.992428,0.000000,0.000000,0.000000
572.000000,20.972159,1.000000,0.000000,0.000000
1527.000000,38.321717,1.000000,1.000000,1.000000
2281.000000,37.520039,1.000000,1.000000,1.000000
2090.000000,41.867111,1.000000,1.000000,1.000000
2087.000000,44.097266,0.000000,0.000000,0.000000
2443.000000,44.074056,0.000000,1.000000,0.000000
692.000000,52.668555,0.000000,0.000000,0.000000
1231.000000,21.459406,0.000000,1.000000,0.000000
1684.000000,18.901735,1.000000,0.000000,0.000000
290.000000,41.942129,1.000000,1.000000,0.000000
1660.000000,29.777155,1.000000,0.000000,0.000000
1961.000000,32.213683,1.000000,1.000000,1.000000
825.000000,22.818906,0.000000,1.000000,0.000000
769.000000,23.077380,1.000000,1.000000,1.000000
2106.000000,18.916753,1.000000,1.000000,0.000000
2241.000000,20.952430,1.000000,1.000000,1.000000
2093.000000,44.208360,0.000000,0.000000,0.000000
884.000000,32.262552,1.000000,1.000000,1.000000
2496.000000,54.116683,1.000000,1.000000,1.000000
2464.000000,23.296691,0.000000,0.000000,0.000000
380.000000,23.690979,1.000000,0.000000,0.000000
963.000000,19.065163,1.000000,1.000000,0.000000
250.000000,53.439440,0.000000,0.000000,0.000000
1068.000000,47.887326,0.000000,1.000000,0.000000
1511.000000,54.591742,0.000000,1.000000,0.000000
1415.000000,18.146922,0.000000,0.000000,0.000000
442.000000,42.381889,1.000000,0.000000,0.000000
204.000000,58.345649,1.000000,1.000000,0.000000
1957.000000,21.566493,1.000000,1.000000,1.000000
1050.000000,53.081038,1.000000,1.000000,0.000000
1014.000000,17.326358,0.000000,0.000000,0.000000
2301.000000,43.032182,1.000000,0.000000,0.000000
853.000000,58.079530,0.000000,1.000000,0.000000
1496.000000,22.275264,0.000000,1.000000,0.000000
845.000000,52.137875,0.000000,0.000000,0.000000
400.000000,36.340679,0.000000,1.000000,0.000000
1078.000000,33.991623,1.000000,0.000000,1.000000
1514.000000,22.679914,0.000000,1.000000,0.000000
684.000000,27.201635,0.000000,0.000000,0.000000
2131.000000,15.803785,0.000000,1.000000,0.000000
1403.000000,36.345125,1.000000,0.000000,0.000000
1999.000000,22.218005,1.000000,1.000000,0.000000
1558.000000,38.951710,0.000000,1.000000,0.000000
1553.000000,53.673711,1.000000,0.000000,1.000000
2236.000000,59.038408,1.000000,1.000000,0.000000
1189.000000,54.567090,1.000000,0.000000,1.000000
1895.000000,32.922932,1.000000,0.000000,1.000000
316.000000,52.374051,0.000000,1.000000,0.000000
1450.000000,41.310182,0.000000,1.000000,0.000000
1072.000000,42.877399,0.000000,1.000000,0.000000
254.000000,19.766882,1.000000,0.000000,0.000000
2108.000000,31.415920,1.000000,0.000000,0.000000
2288.000000,21.960246,1.000000,1.000000,0.000000
1748.000000,48.492558,1.000000,1.000000,1.000000
1994.000000,20.599690,1.000000,1.000000,0.000000
254.000000,36.977736,0.000000,1.000000,0.000000
1366.000000,29.540880,0.000000,1.000000,0.000000
354.000000,57.628405,1.000000,0.000000,0.000000
562.000000,35.255599,1.000000,0.000000,0.000000
1322.000000,47.617195,0.000000,1.000000,0.000000
2106.000000,45.132118,0.000000,0.000000,1.000000
1159.000000,19.762534,1.000000,1.000000,0.000000
1803.000000,17.195261,1.000000,0.000000,0.000000
455.000000,53.907398,0.000000,1.000000,0.000000
584.000000,55.561904,1.000000,1.000000,1.000000
1835.000000,33.827990,1.000000,0.000000,0.000000
2057.000000,37.470023,1.000000,0.000000,0.000000
1873.000000,44.983810,0.000000,0.000000,0.000000
1669.000000,15.660018,0.000000,0.000000,0.000000
2170.000000,58.372002,1.000000,1.000000,0.000000
746.000000,35.946150,0.000000,1.000000,0.000000
1487.000000,54.665285,1.000000,1.000000,1.000000
1882.000000,45.969354,0.000000,1.000000,0.000000
401.000000,47.948306,0.000000,1.000000,1.000000
2019.000000,16.987445,0.000000,0.000000,0.000000
1354.000000,59.835110,0.000000,0.000000,0.000000
1175.000000,50.089145,1.000000,1.000000,1.000000
2262.000000,56.198115,0.000000,1.000000,0.000000
975.000000,38.834776,1.000000,0.000000,0.000000
839.000000,40.709352,0.000000,1.000000,0.000000
1496.000000,23.564619,1.000000,1.000000,1.000000
2500.000000,15.408258,1.000000,0.000000,1.000000
2465.000000,25.213411,1.000000,1.000000,1.000000
2134.000000,30.967861,0.000000,0.000000,0.000000
2238.000000,54.424734,0.000000,1.000000,1.000000
1358.000000,54.730782,0.000000,0.000000,1.000000
1572.000000,48.941409,0.000000,1.000000,0.000000
2397.000000,28.426849,1.000000,1.000000,1.000000
2431.000000,20.545019,0.000000,0.000000,0.000000
201.000000,32.278375,1.000000,1.000000,0.000000
2120.000000,58.430838,0.000000,1.000000,1.000000
2343.000000,42.708391,1.000000,1.000000,1.000000
484.000000,42.742488,0.000000,0.000000,0.000000
833.000000,41.897560,0.000000,1.000000,0.000000
599.000000,51.968083,0.000000,1.000000,0.000000
255.000000,15.711949,0.000000,1.000000,0.000000
1475.000000,52.714813,1.000000,0.000000,1.000000
2316.000000,18.438759,0.000000,1.000000,0.000000
2248.000000,39.682487,0.000000,1.000000,1.000000
2221.000000,54.300150,0.000000,1.000000,0.000000
404.000000,23.335280,0.000000,0.000000,0.000000
2373.000000,56.298862,1.000000,0.000000,1.000000
1477.000000,26.963301,1.000000,1.000000,1.000000
1228.000000,26.504025,0.000000,0.000000,0.000000
1700.000000,36.310825,1.000000,0.000000,1.000000
1480.000000,17.630458,0.000000,0.000000,0.000000
1033.000000,22.152223,1.000000,1.000000,0.000000
1171.000000,31.732509,1.000000,0.000000,0.000000
1096.000000,26.139298,1.000000,0.000000,0.000000
1719.000000,18.110975,0.000000,0.000000,0.000000
1220.000000,43.752722,0.000000,0.000000,1.000000
512.000000,54.471230,1.000000,1.000000,0.000000
416.000000,19.286768,1.000000,1.000000,0.000000
903.000000,25.149306,1.000000,0.000000,0.000000
2477.000000,26.037849,1.000000,1.000000,1.000000
997.000000,56.854066,1.000000,1.000000,0.000000
2260.000000,36.520531,0.000000,1.000000,0.000000
1953.000000,21.884271,1.000000,1.000000,0.000000
913.000000,32.849690,1.000000,0.000000,0.000000
803.000000,47.938113,0.000000,1.000000,0.000000
1427.000000,49.067667,1.000000,0.000000,1.000000
1452.000000,18.985001,1.000000,1.000000,0.000000
702.000000,38.647708,1.000000,1.000000,0.000000
1968.000000,44.257531,1.000000,1.000000,0.000000
833.000000,58.538007,1.000000,0.000000,0.000000
780.000000,44.318376,0.000000,0.000000,0.000000
262.000000,22.048730,0.000000,1.000000,0.000000
1726.000000,19.181811,1.000000,0.000000,0.000000
1048.000000,39.754137,0.000000,0.000000,1.000000
277.000000,26.942433,1.000000,1.000000,1.000000
2194.000000,20.053695,1.000000,0.000000,0.000000
2398.000000,52.378913,1.000000,0.000000,1.000000
1882.000000,38.186157,1.000000,0.000000,0.000000
1830.000000,42.747206,1.000000,0.000000,1.000000
1191.000000,58.403421,1.000000,1.000000,0.000000
2249.000000,24.734581,1.000000,0.000000,0.000000
467.000000,26.073135,1.000000,1.000000,0.000000
1362.000000,21.075057,1.000000,0.000000,0.000000
2099.000000,36.197945,0.000000,1.000000,0.000000
1596.000000,58.789399,1.000000,1.000000,1.000000
502.000000,35.060591,1.000000,0.000000,0.000000
589.000000,25.986628,0.000000,1.000000,0.000000
1518.000000,24.936118,0.000000,0.000000,0.000000
250.000000,41.841846,1.000000,1.000000,0.000000
1353.000000,36.590160,1.000000,0.000000,1.000000
1136.000000,18.092077,0.000000,1.000000,0.000000
2081.000000,25.666254,1.000000,0.000000,1.000000
1452.000000,28.380977,1.000000,1.000000,0.000000
991.000000,58.138223,0.000000,0.000000,0.000000
1634.000000,54.824926,0.000000,1.000000,0.000000
674.000000,58.919588,1.000000,0.000000,0.000000
924.000000,18.358342,0.000000,0.000000,1.000000
2342.000000,38.692464,0.000000,0.000000,1.000000
1076.000000,53.581204,1.000000,0.000000,1.000000
292.000000,31.234763,1.000000,1.000000,0.000000
1154.000000,39.470051,1.000000,0.000000,1.000000
1992.000000,37.886068,1.000000,1.000000,1.000000
1226.000000,31.513024,0.000000,0.000000,0.000000
1729.000000,44.140814,0.000000,1.000000,1.000000
2475.000000,33.426503,0.000000,1.000000,0.000000
1146.000000,45.838411,1.000000,0.000000,0.000000
1221.000000,37.385920,0.000000,1.000000,0.000000
1839.000000,54.710675,1.000000,1.000000,1.000000
1330.000000,33.287654,0.000000,0.000000,0.000000
1345.000000,57.291891,0.000000,0.000000,1.000000
1350.000000,38.865948,1.000000,0.000000,0.000000
1213.000000,51.095875,0.000000,0.000000,1.000000
670.000000,41.105050,1.000000,1.000000,0.000000
1281.000000,39.445476,0.000000,0.000000,0.000000
527.000000,48.377043,1.000000,1.000000,0.000000
2056.000000,19.382703,0.000000,0.000000,0.000000
1052.000000,48.859249,0.000000,0.000000,1.000000
2268.000000,48.375912,0.000000,1.000000,1.000000
1728.000000,36.815027,0.000000,0.000000,0.000000
2119.000000,56.921527,0.000000,1.000000,1.000000
2279.000000,24.947852,0.000000,1.000000,0.000000
2043.000000,55.667579,1.000000,1.000000,1.000000
246.000000,49.204234,1.000000,1.000000,0.000000
1295.000000,29.579553,1.000000,0.000000,0.000000
2391.000000,58.077162,0.000000,0.000000,1.000000
1128.000000,35.086589,1.000000,1.000000,0.000000
2142.000000,52.134035,0.000000,0.000000,0.000000
235.000000,41.747814,0.000000,1.000000,0.000000
763.000000,49.127659,0.000000,0.000000,0.000000
1887.000000,29.805785,0.000000,0.000000,0.000000
1695.000000,57.933912,1.000000,0.000000,1.000000
1996.000000,53.088353,0.000000,0.000000,1.000000
2265.000000,34.450835,0.000000,0.000000,0.000000
618.000000,22.290625,1.000000,1.000000,0.000000
2207.000000,22.238168,0.000000,1.000000,0.000000
1773.000000,56.972883,0.000000,0.000000,0.000000
2388.000000,55.022591,0.000000,1.000000,1.000000
2131.000000,58.985987,1.000000,1.000000,1.000000
881.000000,49.777025,1.000000,0.000000,0.000000
884.000000,59.401184,1.000000,1.000000,1.000000
401.000000,39.732722,0.000000,0.000000,0.000000
1825.000000,55.450537,1.000000,0.000000,0.000000
2369.000000,43.495835,0.000000,1.000000,0.000000
2356.000000,43.573202,1.000000,1.000000,1.000000
932.000000,59.645999,0.000000,0.000000,0.000000
1160.000000,15.105273,1.000000,1.000000,1.000000
1415.000000,54.558217,0.000000,1.000000,1.000000
1319.000000,35.794378,1.000000,0.000000,1.000000
716.000000,26.970868,0.000000,1.000000,0.000000
460.000000,57.875889,0.000000,1.000000,0.000000
1835.000000,47.592839,1.000000,1.000000,0.000000
2217.000000,42.780829,0.000000,0.000000,0.000000
1512.000000,48.712274,0.000000,1.000000,0.000000
2010.000000,53.609381,1.000000,1.000000,1.000000
1383.000000,17.321811,1.000000,1.000000,0.000000
2063.000000,17.152387,0.000000,0.000000,0.000000
669.000000,53.902180,1.000000,1.000000,0.000000
1372.000000,43.800134,0.000000,1.000000,0.000000
1682.000000,54.439983,0.000000,1.000000,1.000000
840.000000,33.071111,1.000000,1.000000,0.000000
2023.000000,49.170495,1.000000,1.000000,0.000000
1898.000000,39.292925,1.000000,0.000000,0.000000
2387.000000,29.513759,1.000000,1.000000,0.000000
2200.000000,31.905251,0.000000,1.000000,0.000000
209.000000,29.288915,1.000000,0.000000,0.000000
1500.000000,58.295489,0.000000,0.000000,0.000000
1546.000000,48.916448,0.000000,1.000000,0.000000
1383.000000,38.626418,1.000000,1.000000,1.000000
2275.000000,41.676540,1.000000,0.000000,1.000000
759.000000,41.924727,0.000000,0.000000,0.000000
2019.000000,58.235125,1.000000,0.000000,0.000000
1696.000000,16.996950,0.000000,0.000000,0.000000
888.000000,22.365771,0.000000,0.000000,0.000000
1692.000000,19.275526,1.000000,1.000000,0.000000
2239.000000,52.319958,1.000000,1.000000,1.000000
1281.000000,45.122568,0.000000,1.000000,0.000000
1438.000000,44.475420,1.000000,0.000000,0.000000
1412.000000,40.128570,1.000000,0.000000,1.000000
1153.000000,32.273122,1.000000,0.000000,0.000000
2190.000000,20.635511,1.000000,0.000000,0.000000
1208.000000,36.567552,0.000000,1.000000,0.000000
1438.000000,53.165764,0.000000,0.000000,0.000000
1836.000000,59.565359,1.000000,1.000000,1.000000
867.000000,20.658368,0.000000,0.000000,0.000000
928.000000,39.411539,1.000000,1.000000,0.000000
1565.000000,33.225936,1.000000,0.000000,0.000000
875.000000,16.833935,1.000000,0.000000,0.000000
2010.000000,38.961654,1.000000,0.000000,0.000000
1307.000000,32.489376,0.000000,0.000000,0.000000
468.000000,34.903444,0.000000,1.000000,0.000000
262.000000,19.071676,0.000000,1.000000,0.000000
224.000000,29.499698,0.000000,1.000000,0.000000
1215.000000,45.013718,0.000000,0.000000,0.000000
2101.000000,32.118887,0.000000,1.000000,1.000000
1755.000000,32.882054,1.000000,0.000000,0.000000
2352.000000,56.655367,1.000000,1.000000,1.000000
1230.000000,33.053456,1.000000,0.000000,0.000000
464.000000,22.838700,1.000000,0.000000,0.000000
343.000000,48.090763,1.000000,1.000000,0.000000
298.000000,53.348709,1.000000,0.000000,1.000000
1212.000000,50.855902,1.000000,1.000000,1.000000
1803.000000,41.121375,1.000000,0.000000,0.000000
2256.000000,26.710502,1.000000,1.000000,1.000000
1722.000000,36.768972,1.000000,0.000000,0.000000
1831.000000,44.774483,1.000000,0.000000,1.000000
2041.000000,59.556677,1.000000,0.000000,1.000000
2345.000000,36.563245,0.000000,0.000000,0.000000
1341.000000,45.343671,1.000000,1.000000,0.000000
1584.000000,26.363750,0.000000,0.000000,0.000000
1030.000000,40.323763,0.000000,1.000000,0.000000
710.000000,44.817958,1.000000,0.000000,0.000000
1974.000000,34.908447,0.000000,1.000000,0.000000
1608.000000,17.469718,0.000000,0.000000,1.000000
564.000000,49.768023,0.000000,1.000000,1.000000
2106.000000,51.845354,1.000000,1.000000,0.000000
1454.000000,17.355249,1.000000,1.000000,0.000000
1558.000000,23.755125,0.000000,1.000000,1.000000
1060.000000,57.498438,0.000000,0.000000,1.000000
2182.000000,57.493664,1.000000,1.000000,1.000000
1082.000000,41.808783,1.000000,0.000000,0.000000
739.000000,23.475709,1.000000,0.000000,0.000000
2132.000000,25.956509,1.000000,0.000000,0.000000
1456.000000,45.868548,0.000000,1.000000,0.000000
2276.000000,38.067684,0.000000,1.000000,0.000000
1391.000000,57.819749,0.000000,1.000000,0.000000
1035.000000,47.952231,1.000000,1.000000,1.000000
1563.000000,29.078469,0.000000,0.000000,0.000000
1095.000000,18.712884,0.000000,0.000000,0.000000
612.000000,50.272465,1.000000,0.000000,0.000000
1424.000000,26.488794,0.000000,1.000000,0.000000
2128.000000,44.656599,0.000000,1.000000,1.000000
979.000000,30.819307,0.000000,0.000000,0.000000
1384.000000,56.413373,0.000000,0.000000,1.000000
808.000000,17.029530,1.000000,0.000000,0.000000
501.000000,26.640975,0.000000,1.000000,0.000000
1184.000000,35.277885,0.000000,0.000000,0.000000
579.000000,18.071237,1.000000,0.000000,0.000000
2095.000000,50.496314,1.000000,0.000000,1.000000
1696.000000,50.790383,1.000000,0.000000,1.000000
737.000000,18.361249,0.000000,0.000000,0.000000
2439.000000,34.737325,1.000000,0.000000,0.000000
1795.000000,54.062445,1.000000,1.000000,0.000000
1457.000000,33.201845,0.000000,0.000000,0.000000
2092.000000,22.379977,0.000000,1.000000,0.000000
1833.000000,49.433589,0.000000,1.000000,0.000000
1506.000000,38.509556,1.000000,1.000000,1.000000
917.000000,33.715831,0.000000,1.000000,0.000000
1861.000000,16.691855,0.000000,1.000000,0.000000
762.000000,59.341529,1.000000,1.000000,0.000000
1658.000000,37.551885,0.000000,0.000000,1.000000
688.000000,59.513321,1.000000,1.000000,1.000000
1215.000000,30.570746,0.000000,1.000000,0.000000
1402.000000,33.836128,1.000000,1.000000,1.000000
1933.000000,19.126470,0.000000,1.000000,0.000000
1535.000000,44.038043,0.000000,0.000000,0.000000
1679.000000,36.647785,0.000000,1.000000,1.000000
402.000000,15.150586,0.000000,1.000000,0.000000
666.000000,48.115708,0.000000,0.000000,0.000000
1512.000000,48.173110,1.000000,0.000000,1.000000
1645.000000,33.586403,0.000000,0.000000,0.000000
264.000000,47.468979,1.000000,1.000000,0.000000
1405.000000,59.621478,0.000000,0.000000,1.000000
435.000000,15.014963,0.000000,0.000000,0.000000
597.000000,38.967113,0.000000,0.000000,0.000000
883.000000,40.759249,0.000000,0.000000,0.000000
338.000000,29.117746,1.000000,1.000000,0.000000
1156.000000,26.369209,0.000000,0.000000,0.000000
827.000000,16.568932,1.000000,0.000000,0.000000
2322.000000,50.211822,0.000000,1.000000,0.000000
1443.000000,35.194991,0.000000,0.000000,0.000000
2437.000000,48.527905,0.000000,0.000000,1.000000
2058.000000,34.521023,1.000000,0.000000,1.000000
2420.000000,32.873045,1.000000,1.000000,0.000000
859.000000,58.038706,0.000000,1.000000,0.000000
2339.000000,46.104984,0.000000,0.000000,0.000000
838.000000,47.603258,1.000000,1.000000,1.000000
1063.000000,58.117686,1.000000,1.000000,1.000000
1868.000000,28.359117,0.000000,0.000000,0.000000
2181.000000,26.282880,1.000000,1.000000,1.000000
1266.000000,20.589899,1.000000,1.000000,0.000000
596.000000,18.668692,1.000000,1.000000,0.000000
1446.000000,20.294206,0.000000,1.000000,0.000000
1311.000000,23.727924,0.000000,1.000000,0.000000
2247.000000,58.854627,0.000000,1.000000,0.000000
950.000000,31.161796,1.000000,1.000000,0.000000
1167.000000,30.419407,0.000000,0.000000,0.000000
2294.000000,36.595369,1.000000,0.000000,1.000000
962.000000,47.197091,0.000000,1.000000,0.000000
1915.000000,34.922264,1.000000,0.000000,0.000000
617.000000,45.030768,0.000000,0.000000,0.000000
1893.000000,48.562666,0.000000,1.000000,0.000000
1700.000000,19.796043,0.000000,1.000000,0.000000
2158.000000,31.166284,0.000000,1.000000,1.000000
1340.000000,40.116311,1.000000,0.000000,0.000000
2491.000000,18.717795,0.000000,1.000000,0.000000
731.000000,24.539212,1.000000,0.000000,0.000000
858.000000,58.259188,1.000000,0.000000,0.000000
575.000000,32.390738,1.000000,1.000000,0.000000
1118.000000,42.772010,1.000000,1.000000,1.000000
2461.000000,23.030068,0.000000,0.000000,0.000000
1972.000000,42.812325,0.000000,1.000000,0.000000
2305.000000,16.538449,1.000000,0.000000,1.000000
275.000000,52.820358,1.000000,0.000000,0.000000
659.000000,52.379453,1.000000,0.000000,0.000000
1854.000000,43.807570,0.000000,1.000000,0.000000
699.000000,41.681328,1.000000,0.000000,1.000000
2024.000000,40.973336,0.000000,0.000000,1.000000
2464.000000,54.232475,0.000000,1.000000,1.000000
353.000000,41.561877,0.000000,0.000000,0.000000
578.000000,52.868835,1.000000,1.000000,0.000000
1216.000000,33.197168,0.000000,1.000000,0.000000
958.000000,47.293610,0.000000,0.000000,0.000000
1968.000000,40.028178,0.000000,1.000000,0.000000
327.000000,15.829247,0.000000,0.000000,0.000000
687.000000,42.328790,0.000000,0.000000,0.000000
1281.000000,56.032622,1.000000,0.000000,0.000000
1692.000000,39.448524,0.000000,0.000000,0.000000
1192.000000,40.192994,0.000000,1.000000,1.000000
1885.000000,55.978080,0.000000,0.000000,1.000000
1347.000000,19.926042,1.000000,1.000000,0.000000
1879.000000,34.496104,1.000000,0.000000,1.000000
2155.000000,44.641147,1.000000,1.000000,1.000000
1277.000000,32.746440,1.000000,1.000000,1.000000
1643.000000,35.584444,1.000000,0.000000,1.000000
1462.000000,29.315020,0.000000,0.000000,0.000000
393.000000,48.893430,1.000000,1.000000,1.000000
2358.000000,51.708689,1.000000,0.000000,1.000000
1571.000000,47.980451,0.000000,1.000000,0.000000
710.000000,34.717756,1.000000,1.000000,0.000000
448.000000,45.154322,1.000000,0.000000,1.000000
966.000000,53.376982,0.000000,1.000000,0.000000
871.000000,55.765100,0.000000,0.000000,0.000000
2480.000000,51.428849,1.000000,0.000000,1.000000
717.000000,29.273807,1.000000,1.000000,1.000000
1014.000000,44.326979,0.000000,0.000000,0.000000
696.000000,54.714007,0.000000,1.000000,0.000000
1959.000000,18.984453,0.000000,1.000000,0.000000
659.000000,44.795040,0.000000,1.000000,0.000000
365.000000,56.832264,0.000000,0.000000,0.000000
1883.000000,27.571547,0.000000,0.000000,0.000000
1689.000000,28.592723,0.000000,1.000000,0.000000
1157.000000,47.484943,0.000000,0.000000,0.000000
975.000000,57.630771,0.000000,1.000000,1.000000
1567.000000,42.468210,1.000000,1.000000,1.000000
1957.000000,43.675421,1.000000,1.000000,1.000000
916.000000,34.998875,0.000000,0.000000,0.000000
1151.000000,39.480746,0.000000,1.000000,0.000000
715.000000,57.355688,0.000000,1.000000,0.000000
406.000000,50.550610,0.000000,1.000000,0.000000
2478.000000,59.125956,0.000000,0.000000,1.000000
1025.000000,44.736905,1.000000,1.000000,0.000000
402.000000,23.100470,1.000000,0.000000,0.000000
1367.000000,38.129814,1.000000,0.000000,1.000000
953.000000,42.582488,0.000000,1.000000,0.000000
1951.000000,46.721650,0.000000,0.000000,0.000000
962.000000,18.116444,1.000000,0.000000,0.000000
2063.000000,30.497268,0.000000,1.000000,0.000000
835.000000,29.433423,1.000000,1.000000,0.000000
1032.000000,40.972775,1.000000,0.000000,0.000000
736.000000,38.159591,1.000000,1.000000,0.000000
863.000000,55.311657,0.000000,1.000000,0.000000
2342.000000,39.406365,1.000000,1.000000,1.000000
1368.000000,40.354752,1.000000,0.000000,0.000000
2365.000000,21.704634,0.000000,0.000000,0.000000
2346.000000,35.685668,1.000000,0.000000,1.000000
330.000000,46.677576,0.000000,1.000000,0.000000
1051.000000,31.101061,0.000000,0.000000,0.000000
1749.000000,15.782091,0.000000,0.000000,1.000000
1678.000000,52.016274,1.000000,0.000000,1.000000
1590.000000,45.743274,1.000000,0.000000,0.000000
1419.000000,47.907153,0.000000,1.000000,0.000000
1907.000000,27.225914,1.000000,0.000000,0.000000
372.000000,54.766935,0.000000,0.000000,0.000000
2463.000000,53.680435,0.000000,0.000000,1.000000
884.000000,39.555910,0.000000,1.000000,1.000000
1119.000000,17.839906,1.000000,1.000000,1.000000
702.000000,19.639219,0.000000,0.000000,0.000000
1771.000000,41.697539,0.000000,1.000000,0.000000
397.000000,41.509884,1.000000,1.000000,0.000000
2424.000000,24.925251,0.000000,0.000000,0.000000
816.000000,36.797930,1.000000,0.000000,0.000000
2065.000000,20.723989,1.000000,0.000000,0.000000
993.000000,57.427401,1.000000,0.000000,0.000000
2294.000000,36.280138,1.000000,1.000000,0.000000
493.000000,47.199899,1.000000,1.000000,0.000000
2407.000000,52.103132,0.000000,1.000000,1.000000
2054.000000,58.683748,1.000000,0.000000,1.000000
2226.000000,42.286692,0.000000,1.000000,0.000000
2462.000000,26.629423,1.000000,1.000000,1.000000
1279.000000,25.361078,1.000000,1.000000,0.000000
556.000000,19.625658,1.000000,1.000000,0.000000
526.000000,59.658693,0.000000,1.000000,0.000000
1360.000000,50.455589,0.000000,0.000000,0.000000
2274.000000,30.030400,0.000000,1.000000,1.000000
1553.000000,38.477852,0.000000,1.000000,0.000000
569.000000,29.037840,1.000000,1.000000,0.000000
1415.000000,52.129830,1.000000,0.000000,0.000000
1037.000000,25.352416,1.000000,0.000000,0.000000
205.000000,25.231079,0.000000,1.000000,0.000000
1848.000000,53.705707,1.000000,0.000000,1.000000
2130.000000,27.476954,0.000000,0.000000,0.000000
2409.000000,48.454070,1.000000,0.000000,1.000000
674.000000,53.748061,1.000000,1.000000,0.000000
712.000000,23.345649,0.000000,1.000000,0.000000
2169.000000,49.647512,1.000000,0.000000,0.000000
619.000000,23.948532,0.000000,1.000000,0.000000
856.000000,54.065527,0.000000,1.000000,0.000000
236.000000,36.158217,1.000000,0.000000,0.000000
2146.000000,58.350607,1.000000,1.000000,1.000000
1265.000000,43.493533,0.000000,0.000000,0.000000
1987.000000,16.652937,1.000000,0.000000,0.000000
646.000000,22.484922,1.000000,1.000000,0.000000
1004.000000,41.922873,1.000000,0.000000,0.000000
1817.000000,52.389474,1.000000,1.000000,1.000000
2435.000000,49.694367,0.000000,1.000000,1.000000
777.000000,55.352143,1.000000,0.000000,0.000000
1384.000000,27.750433,0.000000,0.000000,0.000000
1448.000000,30.940631,0.000000,0.000000,0.000000
1072.000000,34.514490,1.000000,1.000000,1.000000
763.000000,33.787774,0.000000,0.000000,0.000000
1352.000000,57.718806,0.000000,1.000000,0.000000
432.000000,58.274958,1.000000,1.000000,0.000000
595.000000,24.161023,1.000000,0.000000,0.000000
2186.000000,41.484940,0.000000,1.000000,1.000000
2346.000000,15.050405,0.000000,0.000000,0.000000
360.000000,46.307143,1.000000,0.000000,0.000000
1524.000000,44.345546,0.000000,1.000000,0.000000
1259.000000,46.192885,0.000000,0.000000,0.000000
1202.000000,16.968103,1.000000,0.000000,0.000000
1731.000000,50.180565,1.000000,1.000000,1.000000
2051.000000,34.365173,0.000000,0.000000,1.000000
913.000000,43.359394,0.000000,0.000000,0.000000
2181.000000,20.423516,0.000000,0.000000,0.000000
740.000000,44.099921,0.000000,0.000000,0.000000
2417.000000,33.238958,0.000000,0.000000,0.000000
1476.000000,45.412856,0.000000,0.000000,0.000000
1195.000000,43.489413,1.000000,0.000000,0.000000
1320.000000,16.918494,0.000000,1.000000,1.000000
766.000000,57.404193,1.000000,1.000000,1.000000
1196.000000,59.295813,1.000000,0.000000,1.000000
1443.000000,51.897611,0.000000,1.000000,0.000000
2453.000000,37.414084,1.000000,1.000000,1.000000
2053.000000,35.416214,1.000000,1.000000,0.000000
1863.000000,17.924388,1.000000,0.000000,1.000000
651.000000,44.590214,1.000000,1.000000,1.000000
2336.000000,25.300257,0.000000,1.000000,0.000000
1693.000000,51.981290,0.000000,1.000000,0.000000
1015.000000,54.673671,1.000000,1.000000,1.000000
898.000000,33.146761,0.000000,0.000000,0.000000
2168.000000,21.736679,1.000000,0.000000,1.000000
724.000000,35.068124,0.000000,1.000000,0.000000
319.000000,47.171582,1.000000,0.000000,0.000000
485.000000,40.101595,1.000000,1.000000,0.000000
1695.000000,48.203510,1.000000,0.000000,1.000000
1843.000000,36.294455,1.000000,0.000000,1.000000
2337.000000,25.062650,0.000000,0.000000,0.000000
1329.000000,47.409116,1.000000,0.000000,0.000000
1864.000000,28.237559,1.000000,1.000000,0.000000
1138.000000,15.469246,1.000000,0.000000,0.000000
848.000000,38.861931,1.000000,0.000000,1.000000
1397.000000,52.619913,1.000000,0.000000,1.000000
1768.000000,24.038659,1.000000,0.000000,0.000000
2350.000000,44.461189,0.000000,1.000000,1.000000
1348.000000,52.166434,1.000000,1.000000,1.000000
221.000000,30.533647,1.000000,0.000000,0.000000
2143.000000,57.140213,1.000000,1.000000,1.000000
2028.000000,40.882351,0.000000,1.000000,1.000000
2194.000000,41.743084,1.000000,1.000000,1.000000
211.000000,41.764949,0.000000,0.000000,0.000000
1235.000000,26.440106,1.000000,0.000000,0.000000
823.000000,52.007704,1.000000,1.000000,1.000000
441.000000,33.976677,1.000000,1.000000,0.000000
600.000000,28.365129,0.000000,1.000000,0.000000
1418.000000,38.223556,0.000000,1.000000,0.000000
2252.000000,50.221322,0.000000,1.000000,1.000000
260.000000,40.048668,0.000000,0.000000,0.000000
1263.000000,37.807729,1.000000,1.000000,0.000000
677.000000,29.557518,0.000000,0.000000,0.000000
1491.000000,35.787428,1.000000,0.000000,0.000000
2016.000000,52.805468,1.000000,0.000000,0.000000
687.000000,43.915919,1.000000,1.000000,0.000000
573.000000,30.685815,1.000000,1.000000,0.000000
1076.000000,58.837408,0.000000,1.000000,1.000000
1384.000000,16.540265,1.000000,1.000000,1.000000
1554.000000,47.896065,0.000000,0.000000,0.000000
1915.000000,52.797622,0.000000,0.000000,0.000000
762.000000,22.080330,0.000000,1.000000,0.000000
2135.000000,15.116281,1.000000,0.000000,0.000000
628.000000,59.027878,0.000000,1.000000,0.000000
346.000000,54.788954,1.000000,0.000000,0.000000
1878.000000,55.651372,1.000000,1.000000,1.000000
435.000000,39.723641,0.000000,1.000000,0.000000
1774.000000,57.816535,1.000000,0.000000,0.000000
2391.000000,55.965260,1.000000,0.000000,1.000000
2090.000000,53.358660,1.000000,1.000000,1.000000
667.000000,30.375353,1.000000,1.000000,0.000000
1731.000000,52.433840,0.000000,1.000000,0.000000
2333.000000,32.031439,0.000000,1.000000,1.000000
306.000000,24.278377,0.000000,1.000000,0.000000
999.000000,21.780425,0.000000,0.000000,0.000000
333.000000,39.295763,0.000000,1.000000,0.000000
2334.000000,42.537323,1.000000,0.000000,0.000000
234.000000,51.677449,1.000000,1.000000,0.000000
1845.000000,35.787612,0.000000,1.000000,0.000000
2360.000000,23.346281,0.000000,0.000000,0.000000
1869.000000,21.021168,1.000000,0.000000,0.000000
2494.000000,38.513364,0.000000,0.000000,0.000000
1155.000000,31.337665,1.000000,0.000000,0.000000
1414.000000,39.008037,0.000000,0.000000,0.000000
1785.000000,33.236164,1.000000,1.000000,0.000000
1187.000000,27.119908,1.000000,0.000000,0.000000
2424.000000,38.434566,0.000000,1.000000,0.000000
1133.000000,53.889728,1.000000,1.000000,0.000000
541.000000,56.774289,1.000000,0.000000,0.000000
1588.000000,34.672442,1.000000,0.000000,1.000000
2206.000000,20.780192,0.000000,0.000000,0.000000
913.000000,45.605937,0.000000,0.000000,0.000000
2262.000000,32.657717,0.000000,1.000000,0.000000
303.000000,27.283172,1.000000,1.000000,0.000000
2006.000000,20.140707,0.000000,1.000000,1.000000
1924.000000,37.322153,1.000000,0.000000,1.000000
2309.000000,15.938751,1.000000,0.000000,1.000000
347.000000,27.320609,0.000000,1.000000,0.000000
1670.000000,22.237146,1.000000,1.000000,0.000000
2400.000000,16.594007,1.000000,0.000000,0.000000
2261.000000,44.027438,0.000000,0.000000,0.000000
1700.000000,48.668636,0.000000,0.000000,1.000000
1973.000000,58.861493,1.000000,0.000000,0.000000
1742.000000,35.961576,1.000000,1.000000,0.000000
2265.000000,23.126757,1.000000,1.000000,1.000000
397.000000,26.186112,0.000000,1.000000,0.000000
725.000000,26.920295,0.000000,0.000000,0.000000
2390.000000,50.644214,0.000000,1.000000,1.000000
2159.000000,48.450877,0.000000,0.000000,0.000000
1846.000000,41.196670,0.000000,1.000000,1.000000
1150.000000,31.713386,1.000000,0.000000,0.000000
655.000000,35.224523,0.000000,0.000000,0.000000
1594.000000,29.402692,1.000000,0.000000,1.000000
331.000000,22.999487,0.000000,1.000000,0.000000
1684.000000,44.273024,0.000000,0.000000,0.000000
968.000000,17.423619,1.000000,0.000000,0.000000
1054.000000,17.370773,0.000000,0.000000,0.000000
1836.000000,32.441785,0.000000,0.000000,0.000000
1720.000000,54.449942,0.000000,1.000000,0.000000
2419.000000,20.479286,1.000000,0.000000,0.000000
1990.000000,51.528850,0.000000,0.000000,0.000000
428.000000,22.168681,1.000000,1.000000,0.000000
295.000000,49.156613,0.000000,1.000000,0.000000
453.000000,36.450457,0.000000,0.000000,0.000000
1249.000000,43.440697,0.000000,0.000000,0.000000
592.000000,58.294445,1.000000,1.000000,1.000000
928.000000,36.640672,1.000000,0.000000,0.000000
1716.000000,41.886414,1.000000,0.000000,1.000000
1830.000000,26.567127,0.000000,1.000000,0.000000
675.000000,54.100528,0.000000,1.000000,1.000000
424.000000,21.357512,0.000000,1.000000,0.000000
1628.000000,45.214110,1.000000,0.000000,0.000000
1922.000000,45.146286,0.000000,0.000000,0.000000
1779.000000,26.865771,1.000000,1.000000,1.000000
2053.000000,34.206768,0.000000,1.000000,0.000000
1640.000000,45.167346,1.000000,0.000000,1.000000
2403.000000,41.933921,0.000000,0.000000,0.000000
1080.000000,43.340007,1.000000,0.000000,1.000000
1099.000000,43.709334,0.000000,1.000000,0.000000
2392.000000,44.433411,0.000000,1.000000,0.000000
203.000000,25.757490,1.000000,1.000000,0.000000
530.000000,20.524960,1.000000,1.000000,0.000000
1836.000000,20.491577,0.000000,1.000000,0.000000
800.000000,24.811040,0.000000,1.000000,0.000000
1590.000000,43.294417,0.000000,1.000000,1.000000
242.000000,34.103734,1.000000,0.000000,1.000000
2285.000000,54.067236,1.000000,1.000000,1.000000
1120.000000,45.422352,1.000000,0.000000,0.000000
1660.000000,49.586991,0.000000,1.000000,1.000000
423.000000,42.222927,0.000000,1.000000,0.000000
2322.000000,18.207612,1.000000,1.000000,0.000000
1369.000000,48.967702,1.000000,1.000000,0.000000
545.000000,32.385701,1.000000,0.000000,0.000000
652.000000,23.514969,1.000000,0.000000,0.000000
637.000000,19.901325,1.000000,1.000000,0.000000
445.000000,46.885740,0.000000,1.000000,0.000000
617.000000,50.254023,1.000000,0.000000,0.000000
1336.000000,38.407565,0.000000,0.000000,0.000000
519.000000,40.786864,0.000000,1.000000,0.000000
2380.000000,58.952636,1.000000,1.000000,1.000000
2270.000000,52.130949,0.000000,0.000000,1.000000
939.000000,25.555258,1.000000,0.000000,0.000000
210.000000,56.864350,1.000000,0.000000,0.000000
1355.000000,29.046663,0.000000,0.000000,0.000000
2198.000000,39.228067,0.000000,1.000000,0.000000
863.000000,51.178964,1.000000,1.000000,1.000000
2176.000000,35.558639,1.000000,0.000000,0.000000
1402.000000,58.192193,1.000000,0.000000,1.000000
1741.000000,59.155637,0.000000,0.000000,0.000000
559.000000,38.182883,1.000000,1.000000,0.000000
316.000000,21.914612,0.000000,0.000000,0.000000
1356.000000,50.683024,0.000000,1.000000,0.000000
1277.000000,20.910081,1.000000,0.000000,0.000000
2155.000000,50.909519,0.000000,1.000000,1.000000
1251.000000,40.011296,1.000000,1.000000,1.000000
1671.000000,50.565198,1.000000,1.000000,1.000000
449.000000,56.140643,0.000000,0.000000,0.000000
517.000000,34.846447,1.000000,0.000000,0.000000
1959.000000,29.261511,0.000000,0.000000,0.000000
2002.000000,52.702158,1.000000,1.000000,0.000000
873.000000,51.619483,1.000000,1.000000,0.000000
1339.000000,20.212974,0.000000,0.000000,0.000000
1886.000000,49.688435,0.000000,1.000000,0.000000
1156.000000,46.193727,1.000000,1.000000,1.000000
995.000000,59.970907,0.000000,0.000000,0.000000
386.000000,32.623356,1.000000,1.000000,0.000000
462.000000,32.284078,1.000000,1.000000,0.000000
795.000000,44.396836,1.000000,1.000000,0.000000
600.000000,55.793117,1.000000,1.000000,1.000000
314.000000,42.551609,1.000000,0.000000,0.000000
1405.000000,36.521488,1.000000,1.000000,1.000000
317.000000,27.586659,0.000000,1.000000,0.000000
1630.000000,16.600689,1.000000,0.000000,0.000000
2063.000000,25.469049,0.000000,0.000000,0.000000
2065.000000,26.387629,1.000000,1.000000,0.000000
1729.000000,20.187691,1.000000,0.000000,0.000000
741.000000,19.033185,1.000000,1.000000,0.000000
1491.000000,16.853257,1.000000,0.000000,0.000000
758.000000,16.030222,1.000000,1.000000,0.000000
393.000000,40.856432,1.000000,1.000000,0.000000
310.000000,34.021010,0.000000,0.000000,0.000000
1135.000000,50.272920,1.000000,1.000000,0.000000
1896.000000,48.654222,1.000000,0.000000,1.000000
996.000000,52.042831,0.000000,1.000000,0.000000
1532.000000,33.545892,1.000000,1.000000,0.000000
958.000000,53.910879,1.000000,1.000000,1.000000
1542.000000,49.952563,1.000000,1.000000,1.000000
774.000000,34.093360,1.000000,0.000000,1.000000
634.000000,57.959701,1.000000,0.000000,1.000000
2475.000000,51.480867,0.000000,1.000000,1.000000
1955.000000,32.140929,1.000000,1.000000,0.000000
1981.000000,36.706037,0.000000,1.000000,0.000000
1336.000000,39.280030,1.000000,1.000000,1.000000
389.000000,42.249217,1.000000,0.000000,0.000000
216.000000,15.231533,1.000000,0.000000,0.000000
1770.000000,23.630211,0.000000,0.000000,0.000000
1565.000000,37.197458,1.000000,0.000000,0.000000
238.000000,25.560332,1.000000,1.000000,0.000000
2123.000000,47.584650,0.000000,0.000000,1.000000
824.000000,27.354311,0.000000,1.000000,0.000000
1077.000000,48.084569,1.000000,1.000000,1.000000
1858.000000,21.715700,0.000000,0.000000,0.000000
2401.000000,53.122531,1.000000,1.000000,0.000000
881.000000,53.302842,0.000000,1.000000,0.000000
2341.000000,32.799529,0.000000,1.000000,0.000000
1681.000000,33.603740,1.000000,1.000000,0.000000
1192.000000,33.215929,0.000000,1.000000,0.000000
537.000000,27.662593,1.000000,0.000000,0.000000
2248.000000,21.920602,0.000000,1.000000,0.000000
1301.000000,34.077517,0.000000,1.000000,0.000000
1053.000000,19.598713,0.000000,1.000000,0.000000
1673.000000,50.703327,0.000000,1.000000,1.000000
2282.000000,28.447615,0.000000,1.000000,0.000000
555.000000,59.472387,0.000000,0.000000,0.000000
1846.000000,30.460221,0.000000,0.000000,0.000000
1341.000000,15.055433,1.000000,0.000000,0.000000
425.000000,25.741051,0.000000,0.000000,0.000000
2189.000000,15.901186,1.000000,1.000000,1.000000
1529.000000,23.871936,1.000000,1.000000,0.000000
1531.000000,38.538813,0.000000,0.000000,0.000000
1180.000000,51.840574,1.000000,1.000000,0.000000
652.000000,44.564274,1.000000,0.000000,0.000000
2270.000000,40.690703,0.000000,1.000000,1.000000
1645.000000,32.602639,0.000000,1.000000,0.000000
1286.000000,45.419202,0.000000,0.000000,0.000000
2169.000000,15.795951,0.000000,0.000000,1.000000
1391.000000,49.920009,0.000000,1.000000,0.000000
940.000000,19.102402,0.000000,0.000000,0.000000
1094.000000,57.686251,1.000000,1.000000,0.000000
2328.000000,32.995734,0.000000,1.000000,1.000000
1401.000000,19.219061,0.000000,0.000000,1.000000
1154.000000,26.493607,0.000000,0.000000,0.000000
250.000000,19.741539,0.000000,1.000000,0.000000
2048.000000,38.455536,0.000000,0.000000,0.000000
1892.000000,45.643867,0.000000,1.000000,1.000000
1391.000000,37.774840,1.000000,0.000000,0.000000
2075.000000,50.990149,0.000000,1.000000,1.000000
2197.000000,36.673568,0.000000,1.000000,0.000000
